decile,mean_prediction,mean_observed,rows,horizon_h
0,40.821241417614814,41.61626593460383,2897,1
1,58.882572572575754,59.28062702169468,2897,1
2,63.65683047906731,63.814357415394504,2897,1
3,67.25964196381332,67.2565987110495,2896,1
4,70.26172697471104,70.2387821754987,2897,1
5,72.98501031924256,72.85231304049226,2897,1
6,75.5953501230736,75.36861120261791,2896,1
7,78.43003311325485,78.26602432179948,2897,1
8,81.57231012835106,81.36511766509072,2897,1
9,86.17427262870268,85.87841812445593,2897,1
0,43.06138419198423,42.16619891306207,2899,3
1,59.44183021061096,59.58205425797678,2899,3
2,64.13353670780094,64.14618151032053,2899,3
3,67.5263294457831,67.15869049858897,2899,3
4,70.37211645013764,69.94887902973879,2899,3
5,73.01942583497106,72.5443757181741,2899,3
6,75.60437801243663,75.00604233680609,2899,3
7,78.41363279263138,77.93263433684507,2899,3
8,81.53449240739555,81.04475610190298,2899,3
9,85.9253754445942,85.26259033629358,2899,3
0,46.01370610495836,42.87563145949457,2897,6
1,59.515870047493785,59.86962096541103,2896,6
2,64.12591071745439,64.01560071978858,2896,6
3,67.36469238529801,67.30927999284323,2896,6
4,70.01886494378395,69.68553567759237,2896,6
5,72.57837588962961,71.8924420116287,2896,6
6,75.18156595138785,74.53774167063855,2896,6
7,77.97298599148534,77.26490485157629,2896,6
8,80.92964200948853,80.63109203149672,2896,6
9,84.83404805142469,84.61847978631025,2897,6
0,45.964674308730395,43.16672438513188,2894,12
1,60.350366220828356,60.14227217320683,2894,12
2,64.70770509543269,64.16951683014878,2893,12
3,67.77995112225696,66.79462787641894,2894,12
4,70.39450424795234,68.94157476608984,2893,12
5,72.77507274929673,71.13855888066477,2894,12
6,75.20845128735832,73.75006373875277,2893,12
7,77.8119153815654,76.75201056833403,2894,12
8,80.71356882715449,80.1204936879732,2893,12
9,84.77754450064383,83.55769486769597,2894,12
0,44.86125698158526,44.15737140066117,2888,24
1,60.92148274123987,60.461175394507826,2887,24
2,65.19442230084279,64.00086180298166,2887,24
3,68.05261235567986,66.61545637681728,2887,24
4,70.34409293505462,68.91886873442503,2887,24
5,72.55454124451033,71.41004275003182,2887,24
6,74.6525946477626,73.5501904190966,2887,24
7,76.97901293231011,76.13850319691774,2887,24
8,79.59428992791563,79.06800218664917,2887,24
9,83.44166497325799,81.97712264693364,2887,24
