station_id,city,region,latitude,longitude,elevation_m,install_date,dataset_end_utc,status_class,uptime_pct,total_active_hours,total_present_hours,total_outage_hours,total_event_count,full_outage_event_count,full_outage_hours,local_event_count,coordinated_event_count,partial_outage_event_count,partial_outage_hours,transmitting_hours,structural_gap_full_outage_hours,excluded_rows,median_event_duration_h,max_event_duration_h,last_outage_start_utc,days_since_last_outage_at_data_end,anemometer_availability_pct,barometer_availability_pct,light_uv_availability_pct,rain_gauge_availability_pct,thermo_hygrometer_availability_pct,wind_vane_availability_pct
INUQAT8,Ragdalin,northwest,32.897844,11.967586,4,2025-10-09,2026-06-30 23:00:00+00:00,reliable_reference_candidate,93.76377952755905,6350,5954,394,53,53,394,38,15,0,0,5954,0,2,2.0,48.0,2026-06-30 15:00:00+00:00,0.25,100.0,100.0,100.0,100.0,100.0,100.0
IJABAL14,Zintan,northwest,31.92421,12.264878,654,2025-10-05,2026-06-30 23:00:00+00:00,reliable_reference_candidate,92.71739130434783,6440,5971,467,47,47,467,34,13,0,0,5971,0,2,3.0,72.0,2026-06-06 02:00:00+00:00,24.666666666666668,100.0,100.0,100.0,100.0,100.0,100.0
IJABAL15,Mizdah,northwest,31.461729,12.983949,144,2025-10-05,2026-06-30 23:00:00+00:00,reliable_reference_candidate,91.7080745341615,6440,5906,532,51,51,532,31,20,14,162,5906,0,2,2.0,72.0,2026-06-30 19:00:00+00:00,0.16666666666666666,97.25702675245513,100.0,97.25702675245513,99.98306806637318,97.25702675245513,97.25702675245513
IJANZO3,Maya,northwest,32.784235,12.857167,8,2025-10-08,2026-06-30 23:00:00+00:00,reliable_reference_candidate,90.76197957580519,6365,5777,586,50,50,586,31,19,16,228,5777,0,2,5.5,48.0,2026-06-28 13:00:00+00:00,2.3333333333333335,96.05331486930933,100.0,96.05331486930933,100.0,96.05331486930933,96.05331486930933
IJABAL13,Yafran,northwest,32.101958,12.551183,640,2025-10-05,2026-06-30 23:00:00+00:00,reliable_but_terminal_gap,90.58386247483351,6457,5849,606,53,53,606,38,15,84,923,5849,0,2,2.0,72.0,2026-06-28 16:00:00+00:00,2.25,84.21952470507779,100.0,84.21952470507779,97.52094375106856,84.21952470507779,84.21952470507779
IJANZO2,Ganzour,northwest,32.820177,12.991854,5,2025-10-09,2026-06-30 23:00:00+00:00,reliable_reference_candidate,90.57971014492753,6348,5750,596,46,46,596,30,16,42,355,5750,0,2,9.5,70.0,2026-06-30 10:00:00+00:00,0.5,93.82608695652173,100.0,93.82608695652173,99.68695652173913,93.82608695652173,93.82608695652173
IBIRAL3,Bir al Ghanam,northwest,32.318991,12.574238,41,2025-10-05,2026-06-30 23:00:00+00:00,reliable_reference_candidate,90.36369288156668,6434,5814,618,28,28,618,13,15,77,910,5814,0,2,24.0,131.0,2026-06-30 00:00:00+00:00,0.6666666666666666,84.34812521499828,100.0,84.34812521499828,99.9828001375989,84.34812521499828,84.34812521499828
IMISRA12,Tawergha,northwest,31.971379,15.091041,8,2025-10-16,2026-06-30 23:00:00+00:00,reliable_reference_candidate,90.18782383419689,6176,5570,604,88,88,604,73,15,68,1508,5570,0,2,3.0,48.0,2026-06-27 17:00:00+00:00,3.2083333333333335,72.92639138240574,100.0,72.92639138240574,86.71454219030521,72.92639138240574,72.92639138240574
IMISRA13,Zliten,northwest,32.348137,14.574401,45,2025-10-04,2026-06-30 23:00:00+00:00,reliable_reference_candidate,89.93350858203185,6467,5816,649,68,68,649,47,21,0,0,5816,0,2,3.0,72.0,2026-06-25 09:00:00+00:00,5.541666666666667,100.0,100.0,100.0,100.0,100.0,100.0
ITAHLI1,Al-Aziziyah,northwest,32.503011,13.037324,36,2025-10-08,2026-06-30 23:00:00+00:00,reliable_reference_candidate,89.55621765720558,6377,5711,664,79,79,664,62,17,1,8,5711,0,2,3.0,56.0,2026-06-24 08:00:00+00:00,6.208333333333333,99.85991945368588,99.85991945368588,99.85991945368588,99.85991945368588,99.85991945368588,99.85991945368588
IZAWIY5,Surman,northwest,32.752357,12.582403,2,2025-10-05,2026-06-30 23:00:00+00:00,reliable_reference_candidate,89.18246813801679,6434,5738,694,52,52,694,36,16,17,349,5738,0,2,2.0,140.0,2026-06-30 13:00:00+00:00,0.375,93.9177413733008,100.0,93.9177413733008,99.93028929940746,93.9177413733008,93.9177413733008
IBARAS3,Gharyan,northwest,32.143264,13.018256,216,2025-10-06,2026-06-30 23:00:00+00:00,reliable_reference_candidate,89.0361821584529,6412,5709,701,81,81,701,61,20,58,852,5709,0,2,3.0,48.0,2026-06-30 14:00:00+00:00,0.375,85.07619548081976,100.0,85.07619548081976,97.44263443685409,85.07619548081976,85.07619548081976
IZAWIY7,Al-Zawiyah,northwest,32.756648,12.798849,11,2025-10-07,2026-06-30 23:00:00+00:00,reliable_reference_candidate,88.1231442412877,6399,5639,758,91,91,758,74,17,18,153,5639,0,2,3.0,51.0,2026-06-27 09:00:00+00:00,3.5,97.28675297038482,100.0,97.28675297038482,99.78719631140274,97.28675297038482,97.28675297038482
ITRIPO33,Tripoli,northwest,32.881258,13.160197,10,2025-10-11,2026-06-30 23:00:00+00:00,usable,88.09599491417673,6292,5543,747,29,29,747,15,14,98,1473,5543,0,2,24.0,105.0,2026-06-30 13:00:00+00:00,0.2916666666666667,75.35630524986469,98.06963738047989,75.35630524986469,98.97167598773227,75.35630524986469,75.35630524986469
INUQAT10,Al-Ajaylat,northwest,32.771523,12.320158,2,2025-10-12,2026-06-30 23:00:00+00:00,usable,87.1811224489796,6272,5468,802,82,82,802,59,23,15,235,5468,0,2,3.0,184.0,2026-06-30 09:00:00+00:00,0.3333333333333333,95.75713240673007,100.0,95.70226773957572,99.21360643745427,95.75713240673007,95.75713240673007
INUQAT9,Sabratha,northwest,32.736552,12.452316,3,2025-10-10,2026-06-30 23:00:00+00:00,usable,85.79778830963664,6330,5431,897,101,101,897,77,24,55,558,5431,0,2,3.0,49.0,2026-06-30 01:00:00+00:00,0.7916666666666666,89.72564905174,100.0,89.72564905174,100.0,89.72564905174,89.72564905174
IMURQU7,Msallata,northwest,32.464557,14.077052,56,2025-10-07,2026-06-30 23:00:00+00:00,usable,85.69192235441453,6388,5474,910,72,72,910,51,21,2,2,5474,0,4,4.0,72.0,2026-06-29 10:00:00+00:00,1.4583333333333333,99.9634636463281,100.0,99.9634636463281,99.98173182316405,99.9634636463281,99.9634636463281
IJABAL16,Al-Asabaa,northwest,32.081197,12.888562,815,2025-10-06,2026-06-30 23:00:00+00:00,usable,85.07253158633598,6411,5454,955,85,85,955,64,21,17,199,5454,0,2,5.0,85.0,2026-06-29 10:00:00+00:00,1.5416666666666667,96.35130179684636,100.0,96.35130179684636,99.55995599559957,96.35130179684636,96.35130179684636
INALUT3,Tiji,northwest,32.00446,11.381656,64,2025-10-08,2026-06-30 23:00:00+00:00,weak,71.37692549512732,6362,4541,1819,275,275,1819,254,21,87,652,4541,0,2,2.0,167.0,2026-06-29 19:00:00+00:00,1.1666666666666667,85.6419290905087,100.0,85.6419290905087,93.45959039859062,85.6419290905087,85.6419290905087
IMURQU5,Tarhuna,northwest,32.294368,13.623417,487,2025-10-05,2026-06-30 23:00:00+00:00,outage_dominated,66.58903896910418,6441,4289,2150,83,83,2150,67,16,39,338,4289,0,2,6.0,771.0,2026-06-30 17:00:00+00:00,0.25,92.11937514572162,100.0,92.11937514572162,97.22546048029844,92.11937514572162,92.11937514572162
IMURQU6,Khoms,northwest,32.65723,14.242337,12,2025-10-06,2026-06-30 23:00:00+00:00,outage_dominated,62.79108175061932,6055,3802,2251,151,151,2251,131,20,37,416,3802,378,2,4.0,648.0,2026-06-28 02:00:00+00:00,2.7083333333333335,89.05839032088375,100.0,89.05839032088375,99.65807469752761,89.05839032088375,89.05839032088375
ITRIPO32,Tajura,northwest,32.881396,13.387467,8,2025-10-09,2026-06-30 23:00:00+00:00,outage_dominated,36.31499749205818,5981,2172,3527,72,72,3527,63,9,0,0,2172,362,282,13.0,594.0,2026-05-24 14:00:00+00:00,12.666666666666666,100.0,100.0,100.0,100.0,100.0,100.0
I90583612,Al-Uwaynah,northwest,31.976779,12.482434,202,2025-10-07,2026-06-30 23:00:00+00:00,outage_dominated,19.492385786802032,5910,1152,4754,141,141,4754,136,5,1,1,1152,480,4,12.0,620.0,2026-06-30 13:00:00+00:00,0.25,99.91319444444444,100.0,99.91319444444444,99.91319444444444,99.91319444444444,99.91319444444444
IJANZO4,Qasr Bin Ghashir,northwest,32.690144,13.201313,21,2025-10-09,2026-06-30 23:00:00+00:00,outage_dominated,16.21426855632957,4163,675,2863,145,145,2863,135,10,4,4,675,0,625,8.0,215.0,2026-03-05 12:00:00+00:00,117.45833333333333,99.4074074074074,100.0,99.4074074074074,99.4074074074074,99.4074074074074,99.4074074074074
IALWAH18,Awjila,southeast,29.124472,21.285446,16,2025-08-25,2026-06-30 23:00:00+00:00,reliable_reference_candidate,90.10514963602049,7418,6684,732,106,106,732,89,17,15,1220,6684,0,2,2.0,142.0,2026-06-25 07:00:00+00:00,5.083333333333333,98.56373429084381,98.72830640335128,81.7474566128067,98.60861759425494,98.56373429084381,98.56373429084381
IDERNA7,Derna,southeast,32.766357,22.641455,3,2025-06-15,2026-06-30 23:00:00+00:00,outage_dominated,53.5469364811692,8895,4763,4130,269,269,4130,259,10,38,612,4763,234,2,4.0,814.0,2026-06-27 05:00:00+00:00,3.5,87.15095528028553,100.0,87.15095528028553,88.76758345580517,87.15095528028553,87.15095528028553
