corroboration_run_id,station_id,channel,verdict,sustained_offset,tier,start_hour,end_hour,duration_hours,n_flagged_hours,full_period_covered_hours,full_period_median_residual,full_period_residual_mad,full_period_fraction_abs_residual_z_ge_3,median_offset_level,offset_stability_mad,mean_offset_score,peak_abs_offset_score,confirmed_offset_value,spatial_available_hours,spatial_median_residual,spatial_corroboration,resolved_episode_count,resolved_episode_ids
,I90583612,dewpoint,insufficient,False,,,,,0,1131,-1.8000000000000007,1.6999999999999993,0.021660649819494584,,,,,,0,,unavailable,0,
,I90583612,pressure,insufficient,False,,,,,0,1131,-4.170000000000073,1.8599999999999,0.04693140794223827,,,,,,0,,unavailable,0,
,I90583612,temp,insufficient,False,,,,,0,1131,-2.8999999999999986,0.8000000000000043,0.028846153846153848,,,,,,0,,unavailable,0,
,IALWAH18,dewpoint,clean,False,,,,,0,6592,1.4000000000000004,1.3999999999999995,0.06738632646385345,,,,,,0,,unavailable,0,
calibration_pressure_IALWAH18_01,IALWAH18,pressure,confirmed,True,HIGH,2025-10-25 20:00:00+00:00,2025-11-18 00:00:00+00:00,557.0,502,6604,-9.199999999999932,0.7900000000000773,0.10349330721514854,-9.449999999999932,0.2600000000001046,-2.449296928300704,3.1344262295082443,-9.449999999999932,0,,unavailable,0,
calibration_pressure_IALWAH18_02,IALWAH18,pressure,confirmed,True,MED,2026-01-06 09:00:00+00:00,2026-01-28 13:00:00+00:00,533.0,504,6604,-9.199999999999932,0.7900000000000773,0.10349330721514854,-9.759999999999991,0.3000000000000682,-2.227803545356286,2.5559210526316036,-9.759999999999991,0,,unavailable,0,
calibration_pressure_IALWAH18_03,IALWAH18,pressure,confirmed,True,HIGH,2026-02-09 17:00:00+00:00,2026-03-03 16:00:00+00:00,528.0,501,6604,-9.199999999999932,0.7900000000000773,0.10349330721514854,-9.620000000000005,0.42000000000007276,-3.112908084655029,5.3354037267079,-9.620000000000005,0,,unavailable,0,
,IALWAH18,temp,clean,False,,,,,0,6592,0.5999999999999979,0.8999999999999986,0.08847457627118645,,,,,,0,,unavailable,0,
,IBARAS3,dewpoint,clean,False,,,,,0,4822,-1.200000000000001,1.6999999999999984,0.06898226864221521,,,,,,0,,unavailable,0,
,IBARAS3,pressure,clean,False,,,,,0,5705,-3.659999999999968,3.6200000000000045,0.10598813851157451,,,,,,0,,unavailable,0,
,IBARAS3,temp,clean,False,,,,,0,4822,-2.8000000000000007,0.9000000000000004,0.08773730118009236,,,,,,0,,unavailable,0,
,IBIRAL3,dewpoint,clean,False,,,,,0,4876,0.6999999999999993,1.600000000000001,0.0778698224852071,,,,,,0,,unavailable,0,
calibration_pressure_IBIRAL3_01,IBIRAL3,pressure,confirmed,True,HIGH,2025-10-22 23:00:00+00:00,2026-05-03 12:00:00+00:00,4622.0,4622,5823,-16.049999999999955,0.44000000000005457,0.06585594013096352,-16.264999999999986,0.2499999999998863,-5.103826835696873,8.190000000000111,-16.264999999999986,4196,-11.690000000000055,same_direction,0,
calibration_pressure_IBIRAL3_02,IBIRAL3,pressure,confirmed,True,HIGH,2026-05-19 13:00:00+00:00,2026-05-28 08:00:00+00:00,212.0,174,5823,-16.049999999999955,0.44000000000005457,0.06585594013096352,-4.040000000000077,0.6499999999999773,-2.2907932118087784,3.0406504065037465,-4.040000000000077,211,2.375,opposite_direction,0,
,IBIRAL3,temp,clean,False,,,,,0,4876,0.1999999999999993,0.8999999999999986,0.07562814070351759,,,,,,0,,unavailable,0,
,IDERNA7,dewpoint,clean,False,,,,,0,4110,1.5,1.4000000000000021,0.07401869158878505,,,,,,0,,unavailable,0,
,IDERNA7,pressure,clean,False,,,,,0,4727,-2.990000000000009,2.340000000000032,0.20328425821064552,,,,,,0,,unavailable,0,
,IDERNA7,temp,clean,False,,,,,0,4110,1.6000000000000014,0.9000000000000021,0.07628004179728318,,,,,,0,,unavailable,0,
calibration_dewpoint_IJABAL13_01,IJABAL13,dewpoint,confirmed,True,HIGH,2026-03-14 06:00:00+00:00,2026-03-21 18:00:00+00:00,181.0,181,4896,1.5,1.7,0.07959721889235195,2.9,1.6000000000000005,3.3651588397790055,3.5624999999999996,2.9,49,-2.5,opposite_direction,0,
calibration_pressure_IJABAL13_01,IJABAL13,pressure,confirmed,True,HIGH,2025-10-21 09:00:00+00:00,2026-01-14 05:00:00+00:00,2037.0,2037,5861,-7.25,7.860000000000014,0.21902284971205646,-81.77999999999997,0.589999999999975,-38.397031399090736,73.63000000000005,-81.77999999999997,1804,-75.50999999999999,same_direction,4,v2_001513|v2_001514|v2_001515|v2_001523
calibration_pressure_IJABAL13_02,IJABAL13,pressure,confirmed,True,HIGH,2026-05-20 12:00:00+00:00,2026-05-28 09:00:00+00:00,190.0,177,5861,-7.25,7.860000000000014,0.21902284971205646,-5.680000000000064,1.775000000000034,-3.3486280514549285,4.0931174089065125,-5.680000000000064,186,-0.34000000000003183,same_direction,0,
,IJABAL13,temp,clean,False,,,,,0,4896,-0.3999999999999986,1.5000000000000036,0.07932932932932933,,,,,,0,,unavailable,0,
,IJABAL14,dewpoint,clean,False,,,,,0,5974,1.0999999999999996,1.5999999999999996,0.07769286754002912,,,,,,0,,unavailable,0,
calibration_pressure_IJABAL14_01,IJABAL14,pressure,confirmed,True,HIGH,2025-12-13 15:00:00+00:00,2026-01-29 16:00:00+00:00,1130.0,767,5974,-10.629999999999995,1.57000000000005,0.06368267831149928,-12.220000000000027,0.7900000000000773,-3.4562069452420556,4.401315789473736,-12.220000000000027,1113,-7.110000000000014,same_direction,0,
calibration_pressure_IJABAL14_02,IJABAL14,pressure,confirmed,True,HIGH,2026-02-11 18:00:00+00:00,2026-05-30 22:00:00+00:00,2597.0,1897,5974,-10.629999999999995,1.57000000000005,0.06368267831149928,-11.25,0.9200000000000728,-3.6234469826144293,7.239837398373232,-11.25,2472,-8.129999999999995,same_direction,0,
calibration_pressure_IJABAL14_03,IJABAL14,pressure,confirmed,True,HIGH,2026-06-12 00:00:00+00:00,2026-06-30 23:00:00+00:00,456.0,456,5974,-10.629999999999995,1.57000000000005,0.06368267831149928,-8.490000000000009,0.6000000000000227,-4.370260761758811,6.249999999999886,-8.490000000000009,454,-5.25,same_direction,0,
,IJABAL14,temp,clean,False,,,,,0,5974,-0.1999999999999993,0.9999999999999991,0.08525084873632592,,,,,,0,,unavailable,0,
,IJABAL15,dewpoint,clean,False,,,,,0,5743,-1.3000000000000007,1.6999999999999993,0.08850902184235518,,,,,,0,,unavailable,0,
,IJABAL15,pressure,clean,False,,,,,0,5914,-5.1200000000000045,3.050000000000068,0.3237674760853569,,,,,,0,,unavailable,0,
,IJABAL15,temp,clean,False,,,,,0,5743,-1.3000000000000007,0.8000000000000007,0.0953041410739053,,,,,,0,,unavailable,0,
,IJABAL16,dewpoint,clean,False,,,,,0,5239,1.6,1.7999999999999994,0.08632640201638311,,,,,,0,,unavailable,0,
,IJABAL16,pressure,clean,False,,,,,0,5445,-4.059999999999945,4.789999999999964,0.23837326353935978,,,,,,0,,unavailable,0,
,IJABAL16,temp,clean,False,,,,,0,5239,-0.09999999999999787,0.9000000000000021,0.08939160992752032,,,,,,0,,unavailable,0,
,IJANZO2,dewpoint,clean,False,,,,,0,5378,-0.10000000000000142,1.5999999999999996,0.08714285714285715,,,,,,0,,unavailable,0,
,IJANZO2,pressure,clean,False,,,,,0,5753,-3.0400000000000773,2.0000000000001137,0.1943127962085308,,,,,,0,,unavailable,0,
,IJANZO2,temp,clean,False,,,,,0,5378,0.40000000000000036,0.9000000000000004,0.09655937846836848,,,,,,0,,unavailable,0,
,IJANZO3,dewpoint,clean,False,,,,,0,5538,0.0,1.5999999999999999,0.07608695652173914,,,,,,0,,unavailable,0,
,IJANZO3,pressure,clean,False,,,,,0,5779,-4.1299999999999955,3.1000000000000227,0.1971326164874552,,,,,,0,,unavailable,0,
,IJANZO3,temp,clean,False,,,,,0,5538,-0.3999999999999986,0.8999999999999986,0.09092796346273614,,,,,,0,,unavailable,0,
,IJANZO4,dewpoint,insufficient,False,,,,,0,687,0.5,1.9,,,,,,,0,,unavailable,0,
,IJANZO4,pressure,insufficient,False,,,,,0,690,-5.100000000000023,4.110000000000014,,,,,,,0,,unavailable,0,
,IJANZO4,temp,insufficient,False,,,,,0,687,-0.1999999999999993,0.6000000000000014,0.05263157894736842,,,,,,0,,unavailable,0,
,IMISRA12,dewpoint,clean,False,,,,,0,4036,-0.29999999999999893,1.3,0.0773497688751926,,,,,,0,,unavailable,0,
calibration_pressure_IMISRA12_01,IMISRA12,pressure,confirmed,True,HIGH,2026-03-10 04:00:00+00:00,2026-03-23 10:00:00+00:00,319.0,319,5572,-4.1200000000000045,4.430000000000007,0.2697290930506478,-4.585000000000036,0.9599999999999227,3.4640494381369678,3.784999999999968,-4.585000000000036,235,0.0,inconclusive,0,
,IMISRA12,temp,clean,False,,,,,0,4036,-0.09999999999999787,0.6999999999999993,0.09550561797752809,,,,,,0,,unavailable,0,
,IMISRA13,dewpoint,clean,False,,,,,0,5810,0.09999999999999876,1.6000000000000014,0.07145536384096024,,,,,,0,,unavailable,0,
calibration_pressure_IMISRA13_01,IMISRA13,pressure,confirmed,True,HIGH,2026-02-11 14:00:00+00:00,2026-03-01 06:00:00+00:00,425.0,384,5811,-8.120000000000005,0.2799999999999727,0.0,-8.220000000000027,0.2599999999999909,-2.982662018478171,4.701863354037124,-8.220000000000027,422,-1.349999999999966,same_direction,0,
calibration_pressure_IMISRA13_02,IMISRA13,pressure,confirmed,True,HIGH,2026-04-02 18:00:00+00:00,2026-05-31 23:00:00+00:00,1422.0,1092,5811,-8.120000000000005,0.2799999999999727,0.0,-8.019999999999982,0.25,-2.9265553175712635,6.235772357722875,-8.019999999999982,1399,-5.080000000000041,same_direction,0,
calibration_pressure_IMISRA13_03,IMISRA13,pressure,confirmed,True,HIGH,2026-06-12 07:00:00+00:00,2026-06-30 23:00:00+00:00,449.0,449,5811,-8.120000000000005,0.2799999999999727,0.0,-7.75,0.20000000000004547,-3.823207477747914,5.819999999999936,-7.75,430,-4.409999999999968,same_direction,0,
,IMISRA13,temp,clean,False,,,,,0,5810,0.09999999999999964,0.7999999999999989,0.08622031919034644,,,,,,0,,unavailable,0,
,IMURQU5,dewpoint,clean,False,,,,,0,3939,1.5,1.7999999999999998,0.07417752948479206,,,,,,0,,unavailable,0,
,IMURQU5,pressure,clean,False,,,,,0,4289,-4.230000000000018,2.8899999999999864,0.21080627099664054,,,,,,0,,unavailable,0,
,IMURQU5,temp,clean,False,,,,,0,3939,0.7999999999999972,1.0000000000000018,0.09007689491028927,,,,,,0,,unavailable,0,
,IMURQU6,dewpoint,clean,False,,,,,0,3374,-0.6000000000000014,1.3000000000000025,0.07223903177004538,,,,,,0,,unavailable,0,
,IMURQU6,pressure,clean,False,,,,,0,3801,-4.659999999999968,4.419999999999959,0.3460771276595745,,,,,,0,,unavailable,0,
,IMURQU6,temp,clean,False,,,,,0,3374,-0.10000000000000142,0.8999999999999986,0.09116279069767441,,,,,,0,,unavailable,0,
,IMURQU7,dewpoint,clean,False,,,,,0,5461,-0.9000000000000004,1.3000000000000007,0.08729680915111379,,,,,,0,,unavailable,0,
calibration_pressure_IMURQU7_01,IMURQU7,pressure,confirmed,True,HIGH,2026-03-31 02:00:00+00:00,2026-04-27 12:00:00+00:00,659.0,659,5463,-1.8600000000000136,4.6400000000001,0.29729187562688064,11.360000000000014,0.5949999999999704,3.4886586069947096,6.1588785046729395,11.360000000000014,618,7.194999999999993,same_direction,0,
,IMURQU7,temp,clean,False,,,,,0,5461,-0.5999999999999979,0.7999999999999972,0.10190018793067446,,,,,,0,,unavailable,0,
,INALUT3,dewpoint,clean,False,,,,,0,3844,0.39999999999999947,1.9999999999999991,0.10801282051282052,,,,,,0,,unavailable,0,
,INALUT3,pressure,clean,False,,,,,0,4525,-1.7999999999999545,3.659999999999968,0.14553990610328638,,,,,,0,,unavailable,0,
,INALUT3,temp,clean,False,,,,,0,3844,-0.09999999999999787,0.8999999999999986,0.10073330760324199,,,,,,0,,unavailable,0,
,INUQAT10,dewpoint,clean,False,,,,,0,5235,-0.09999999999999964,1.4000000000000004,0.07126340130334244,,,,,,0,,unavailable,0,
calibration_pressure_INUQAT10_01,INUQAT10,pressure,confirmed,True,HIGH,2026-02-11 23:00:00+00:00,2026-02-19 16:00:00+00:00,186.0,186,5468,-6.17999999999995,1.4600000000000364,0.25791583166332666,-6.15500000000003,0.4274999999999807,-2.751188628301406,3.821946169772118,-6.15500000000003,143,-4.060000000000059,same_direction,0,
calibration_pressure_INUQAT10_02,INUQAT10,pressure,confirmed,True,MED,2026-04-19 10:00:00+00:00,2026-05-13 03:00:00+00:00,570.0,392,5468,-6.17999999999995,1.4600000000000364,0.25791583166332666,-7.7700000000000955,0.3599999999999568,-2.280824195904015,2.7663551401869677,-7.7700000000000955,556,-2.0300000000000864,same_direction,0,
,INUQAT10,temp,clean,False,,,,,0,5235,-0.5,0.8000000000000007,0.09774271312732852,,,,,,0,,unavailable,0,
,INUQAT8,dewpoint,clean,False,,,,,0,5955,-0.40000000000000036,1.4000000000000004,0.08563081979185685,,,,,,0,,unavailable,0,
,INUQAT8,pressure,clean,False,,,,,0,5955,-1.5400000000000773,2.3900000000001,0.2452072302355304,,,,,,0,,unavailable,0,
,INUQAT8,temp,clean,False,,,,,0,5955,-0.1999999999999993,0.8000000000000007,0.09445390876395987,,,,,,0,,unavailable,0,
,INUQAT9,dewpoint,clean,False,,,,,0,4856,0.7000000000000002,1.8000000000000016,0.06601187756966652,,,,,,0,,unavailable,0,
calibration_pressure_INUQAT9_01,INUQAT9,pressure,confirmed,True,HIGH,2026-02-14 13:00:00+00:00,2026-02-22 04:00:00+00:00,184.0,171,5434,-4.259999999999991,0.6000000000001364,0.04439063761097659,-4.579999999999927,0.2699999999999818,-2.431361615302967,3.2070393374740194,-4.579999999999927,183,-1.349999999999909,same_direction,0,
calibration_pressure_INUQAT9_02,INUQAT9,pressure,confirmed,True,HIGH,2026-03-08 12:00:00+00:00,2026-03-24 03:00:00+00:00,376.0,376,5434,-4.259999999999991,0.6000000000001364,0.04439063761097659,-4.57000000000005,0.21999999999997044,3.3589059439442965,3.769999999999982,-4.57000000000005,308,-6.775000000000034,same_direction,0,
,INUQAT9,temp,clean,False,,,,,0,4856,-0.5,0.8999999999999986,0.11656891495601172,,,,,,0,,unavailable,0,
,ITAHLI1,dewpoint,clean,False,,,,,0,5706,0.40000000000000036,1.7999999999999998,0.07383320581484315,,,,,,0,,unavailable,0,
,ITAHLI1,pressure,clean,False,,,,,0,5706,-3.490000000000009,3.2299999999999045,0.20849273144605968,,,,,,0,,unavailable,0,
,ITAHLI1,temp,clean,False,,,,,0,5706,-0.40000000000000213,0.6999999999999975,0.09117997616209773,,,,,,0,,unavailable,0,
,ITRIPO32,dewpoint,clean,False,,,,,0,2176,-0.45000000000000107,1.0500000000000007,0.10181311018131102,,,,,,0,,unavailable,0,
,ITRIPO32,pressure,clean,False,,,,,0,2177,-1.2200000000000273,3.009999999999991,0.30940766550522647,,,,,,0,,unavailable,0,
,ITRIPO32,temp,clean,False,,,,,0,2176,0.29999999999999893,0.7999999999999989,0.09333333333333334,,,,,,0,,unavailable,0,
,ITRIPO33,dewpoint,clean,False,,,,,0,4119,0.1999999999999993,1.3999999999999986,0.07102187593646989,,,,,,0,,unavailable,0,
calibration_pressure_ITRIPO33_01,ITRIPO33,pressure,confirmed,True,HIGH,2026-04-15 09:00:00+00:00,2026-04-25 11:00:00+00:00,243.0,243,5444,-4.035000000000025,5.074999999999989,0.26379379782521145,-14.059999999999945,0.5900000000000318,-4.000248792558976,5.691588785046795,-14.059999999999945,243,-3.3899999999999864,same_direction,0,
,ITRIPO33,temp,clean,False,,,,,0,4119,0.10000000000000142,0.9000000000000021,0.08428372739916551,,,,,,0,,unavailable,0,
,IZAWIY5,dewpoint,clean,False,,,,,0,5391,-0.2999999999999998,1.4999999999999991,0.08365560757174842,,,,,,0,,unavailable,0,
calibration_pressure_IZAWIY5_01,IZAWIY5,pressure,confirmed,True,HIGH,2026-01-31 01:00:00+00:00,2026-02-24 23:00:00+00:00,599.0,490,5747,-2.9600000000000364,4.9500000000000455,0.34181059024482824,-11.520000000000067,0.3300000000000409,-3.5232843566103926,6.089026915113647,-11.520000000000067,594,-7.872499999999945,same_direction,0,
calibration_pressure_IZAWIY5_02,IZAWIY5,pressure,confirmed,True,HIGH,2026-04-28 08:00:00+00:00,2026-05-31 15:00:00+00:00,800.0,800,5747,-2.9600000000000364,4.9500000000000455,0.34181059024482824,8.230000000000018,0.5349999999999682,4.689621846715299,6.731707317072335,8.230000000000018,798,6.180000000000007,same_direction,0,
,IZAWIY5,temp,clean,False,,,,,0,5391,-0.10000000000000142,0.8999999999999986,0.09756647138350609,,,,,,0,,unavailable,0,
,IZAWIY7,dewpoint,clean,False,,,,,0,5453,-0.5,1.5999999999999996,0.06190954773869347,,,,,,0,,unavailable,0,
calibration_pressure_IZAWIY7_01,IZAWIY7,pressure,confirmed,True,HIGH,2026-02-12 06:00:00+00:00,2026-02-19 20:00:00+00:00,183.0,183,5617,-5.909999999999968,2.25,0.2050982681455536,-5.600000000000023,0.40999999999996817,-2.6177678676358656,3.596273291925375,-5.600000000000023,183,14.054999999999836,opposite_direction,0,
,IZAWIY7,temp,clean,False,,,,,0,5453,-0.40000000000000213,0.8000000000000043,0.08722024681029074,,,,,,0,,unavailable,0,
